Nser,Npar,Irradiance,Temperature,Vmpp,Impp,Label
"9.0","10.0","10.0","5.0","355.4240268655942","0.5772892994538196","1.0"
"9.0","10.0","10.0","15.0","335.9399999999921","0.5791701891771649","1.0"
"9.0","10.0","10.0","25.0","316.55999999999557","0.5806803021882642","1.0"
"9.0","10.0","10.0","35.0","297.26999999999765","0.5818059138955958","1.0"
"9.0","10.0","10.0","45.0","278.09999999999843","0.582443347463553","1.0"
"9.0","10.0","10.0","55.0","259.0258637102506","0.5825875808144408","1.0"
"9.0","10.0","10.0","65.0","240.08956457511866","0.5820820316243408","1.0"
"9.0","10.0","10.0","75.0","221.3099999999994","0.5807920937339884","1.0"
"9.0","10.0","10.0","85.0","202.6833501426826","0.5786200665216178","1.0"
"9.0","10.0","110.0","5.0","394.43999999999886","6.371725766055385","1.0"
"9.0","10.0","110.0","15.0","376.2899999999995","6.397074019482274","1.0"
"9.0","10.0","110.0","25.0","358.1699999999989","6.420317685900183","1.0"
"9.0","10.0","110.0","35.0","340.15536577530816","6.43990256534147","1.0"
"9.0","10.0","110.0","45.0","322.1850006411684","6.45667289028328","1.0"
"9.0","10.0","110.0","55.0","304.3061792396031","6.469417637937316","1.0"
"9.0","10.0","110.0","65.0","286.4873330702044","6.478445238592822","1.0"
"9.0","10.0","110.0","75.0","268.7999999999995","6.481721643623084","1.0"
"9.0","10.0","110.0","85.0","251.23640430288518","6.478764679121721","1.0"
"9.0","10.0","210.0","5.0","403.94999999999914","12.17019813989768","1.0"
"9.0","10.0","210.0","15.0","386.12999999999977","12.221333597501587","1.0"
"9.0","10.0","210.0","25.0","368.39999999999907","12.266749772645257","1.0"
"9.0","10.0","210.0","35.0","350.6999999999997","12.308014783536095","1.0"
"9.0","10.0","210.0","45.0","333.089999999999","12.342657695441158","1.0"
"9.0","10.0","210.0","55.0","315.53257398890895","12.371508095976518","1.0"
"9.0","10.0","210.0","65.0","298.0615903628272","12.392712574628703","1.0"
"9.0","10.0","210.0","75.0","280.70999999999947","12.404080580194043","1.0"
"9.0","10.0","210.0","85.0","263.42999999999876","12.406768024957227","1.0"
"9.0","10.0","310.0","5.0","409.0799999999999","17.96951935416979","1.0"
"9.0","10.0","310.0","15.0","391.50948702719467","18.04484425544389","1.0"
"9.0","10.0","310.0","25.0","373.9799999999998","18.114143904387234","1.0"
"9.0","10.0","310.0","35.0","356.4899999999978","18.177090949274344","1.0"
"9.0","10.0","310.0","45.0","339.0899999999984","18.230552728330924","1.0"
"9.0","10.0","310.0","55.0","321.7605918849206","18.27473477980116","1.0"
"9.0","10.0","310.0","65.0","304.4999999999995","18.308941196232755","1.0"
"9.0","10.0","310.0","75.0","287.31857645472866","18.33165651490057","1.0"
"9.0","10.0","310.0","85.0","270.2768381083233","18.33772850362461","1.0"
"9.0","10.0","410.0","5.0","412.37999999999954","23.7663611098559","1.0"
"9.0","10.0","410.0","15.0","394.9499999999988","23.86788278998754","1.0"
"9.0","10.0","410.0","25.0","377.57999999999936","23.96046382361131","1.0"
"9.0","10.0","410.0","35.0","360.2699999999986","24.043409381335955","1.0"
"9.0","10.0","410.0","45.0","343.01999999999794","24.11596298101432","1.0"
"9.0","10.0","410.0","55.0","325.8299999999998","24.177304323583122","1.0"
"9.0","10.0","410.0","65.0","308.699999999999","24.226546794158203","1.0"
"9.0","10.0","410.0","75.0","291.6899999999996","24.2577532031057","1.0"
"9.0","10.0","410.0","85.0","274.78693371154606","24.270143405912943","1.0"
"9.0","10.0","510.0","5.0","414.6299999999993","29.561926148023446","1.0"
"9.0","10.0","510.0","15.0","397.3199999999999","29.689083483821157","1.0"
"9.0","10.0","510.0","25.0","380.0882135655101","29.80383709612092","1.0"
"9.0","10.0","510.0","35.0","362.89157416047425","29.908675739624588","1.0"
"9.0","10.0","510.0","45.0","345.749999999999","30.00126216293234","1.0"
"9.0","10.0","510.0","55.0","328.6799999999995","30.079171294529793","1.0"
"9.0","10.0","510.0","65.0","311.7105401354872","30.13836903901705","1.0"
"9.0","10.0","510.0","75.0","294.80999999999926","30.180259416892948","1.0"
"9.0","10.0","510.0","85.0","278.00999999999976","30.199962922196075","1.0"
"9.0","10.0","610.0","5.0","416.2199999999991","35.35507066034552","1.0"
"9.0","10.0","610.0","15.0","399.0299999999997","35.50587937661577","1.0"
"9.0","10.0","610.0","25.0","381.8699999999989","35.64630124988843","1.0"
"9.0","10.0","610.0","35.0","364.76999999999947","35.772811992681405","1.0"
"9.0","10.0","610.0","45.0","347.75999999999874","35.88125717976379","1.0"
"9.0","10.0","610.0","55.0","330.7970843016198","35.97465761474956","1.0"
"9.0","10.0","610.0","65.0","313.9013574583121","36.04966373242325","1.0"
"9.0","10.0","610.0","75.0","297.0899999999977","36.102698980271484","1.0"
"9.0","10.0","610.0","85.0","280.4099999999995","36.12574106048719","1.0"
"9.0","10.0","710.0","5.0","417.34616958871493","41.14606637399238","1.0"
"9.0","10.0","710.0","15.0","400.22999999999956","41.323039726660184","1.0"
"9.0","10.0","710.0","25.0","383.1765737943932","41.48458395808417","1.0"
"9.0","10.0","710.0","35.0","366.17999999999796","41.630185540457525","1.0"
"9.0","10.0","710.0","45.0","349.22999999999985","41.759891713518904","1.0"
"9.0","10.0","710.0","55.0","332.3565435914985","41.868849925656505","1.0"
"9.0","10.0","710.0","65.0","315.5399999999996","41.9579128165779","1.0"
"9.0","10.0","710.0","75.0","298.84145588732264","42.01702813322927","1.0"
"9.0","10.0","710.0","85.0","282.22350026393207","42.048696143202235","1.0"
"9.0","10.0","810.0","5.0","418.1531690046612","46.93233536514578","1.0"
"9.0","10.0","810.0","15.0","401.09999999999945","47.13548763887683","1.0"
"9.0","10.0","810.0","25.0","384.12","47.31995973902913","1.0"
"9.0","10.0","810.0","35.0","367.1999999999979","47.485948709555956","1.0"
"9.0","10.0","810.0","45.0","350.30975296538185","47.63617974072329","1.0"
"9.0","10.0","810.0","55.0","333.52427863637405","47.759067718922545","1.0"
"9.0","10.0","810.0","65.0","316.8112876749612","47.85688267197561","1.0"
"9.0","10.0","810.0","75.0","300.18","47.92608924751773","1.0"
"9.0","10.0","810.0","85.0","283.6352458918338","47.96338819055824","1.0"
"9.0","10.0","910.0","5.0","418.6805300103937","52.7179485726724","1.0"
"9.0","10.0","910.0","15.0","401.69999999999936","52.94509871676571","1.0"
"9.0","10.0","910.0","25.0","384.7799999999999","53.152998609041816","1.0"
"9.0","10.0","910.0","35.0","367.9199999999978","53.340304515687976","1.0"
"9.0","10.0","910.0","45.0","351.1285032860647","53.50419431256468","1.0"
"9.0","10.0","910.0","55.0","334.39731064477496","53.644134671796074","1.0"
"9.0","10.0","910.0","65.0","317.7538680406228","53.753696632426646","1.0"
"9.0","10.0","910.0","75.0","301.16999999999985","53.83523056807168","1.0"
"9.0","10.0","910.0","85.0","284.7139080435505","53.87378619638982","1.0"
"9.0","10.0","1010.0","5.0","419.0099999999988","58.49980625407097","1.0"
"9.0","10.0","1010.0","15.0","402.07774720504216","58.75306378087189","1.0"
"9.0","10.0","1010.0","25.0","385.22771879489727","58.98184571587156","1.0"
"9.0","10.0","1010.0","35.0","368.42999999999773","59.18892610164739","1.0"
"9.0","10.0","1010.0","45.0","351.6899999999983","59.37189061387277","1.0"
"9.0","10.0","1010.0","55.0","335.02664118102604","59.52563674069909","1.0"
"9.0","10.0","1010.0","65.0","318.4499999999993","59.645875734099214","1.0"
"9.0","10.0","1010.0","75.0","301.94999999999845","59.731681228457326","1.0"
"9.0","10.0","1010.0","85.0","285.53999999999894","59.77742460187623","1.0"
"9.0","10.0","1110.0","5.0","419.1599999999988","64.28067120011852","1.0"
"9.0","10.0","1110.0","15.0","402.29999999999933","64.55547024184033","1.0"
"9.0","10.0","1110.0","25.0","385.49999999999983","64.80688002639799","1.0"
"9.0","10.0","1110.0","35.0","368.77568508826835","65.03044170762591","1.0"
"9.0","10.0","1110.0","45.0","352.07999999999953","65.2326290758953","1.0"
"9.0","10.0","1110.0","55.0","335.4768225555964","65.39990393925807","1.0"
"9.0","10.0","1110.0","65.0","318.94648303942813","65.53323072890866","1.0"
"9.0","10.0","1110.0","75.0","302.5199999999997","65.62318213567019","1.0"
"9.0","10.0","1110.0","85.0","286.1699999999989","65.67198814492151","1.0"
"9.0","10.0","10.0","5.0","355.4240268655942","0.5195678695084383","2.0"
"9.0","10.0","10.0","15.0","335.9399999999921","0.5212606702594625","2.0"
"9.0","10.0","10.0","25.0","316.55999999999557","0.5226197719694372","2.0"
"9.0","10.0","10.0","35.0","297.26999999999634","0.5236328225060378","2.0"
"9.0","10.0","10.0","45.0","278.09999999999843","0.52420651273453","2.0"
"9.0","10.0","10.0","55.0","259.02802987233264","0.5243319361558584","2.0"
"9.0","10.0","10.0","65.0","240.08999999999605","0.5238803780448528","2.0"
"9.0","10.0","10.0","75.0","221.3099999999981","0.522720384360004","2.0"
"9.0","10.0","10.0","85.0","202.688080694309","0.5207534076357544","2.0"
"9.0","10.0","110.0","5.0","394.43999999999886","5.7345606894501975","2.0"
"9.0","10.0","110.0","15.0","376.2899999999982","5.75737411753857","2.0"
"9.0","10.0","110.0","25.0","358.1840268655939","5.778067208927745","2.0"
"9.0","10.0","110.0","35.0","340.13999999999163","5.796181698769485","2.0"
"9.0","10.0","110.0","45.0","322.16999999999496","5.81128368087167","2.0"
"9.0","10.0","110.0","55.0","304.2899999999956","5.822793067049474","2.0"
"9.0","10.0","110.0","65.0","286.4999999999975","5.830350489670734","2.0"
"9.0","10.0","110.0","75.0","268.80808069430964","5.833381652124357","2.0"
"9.0","10.0","110.0","85.0","251.21999999999483","5.831276352475103","2.0"
"9.0","10.0","210.0","5.0","403.94999999999516","10.953185825913348","2.0"
"9.0","10.0","210.0","15.0","386.1299999999971","10.999207737757004","2.0"
"9.0","10.0","210.0","25.0","368.39999999999907","11.04008229538234","2.0"
"9.0","10.0","210.0","35.0","350.71402686559475","11.076777713094563","2.0"
"9.0","10.0","210.0","45.0","333.0899999999938","11.108399425907034","2.0"
"9.0","10.0","210.0","55.0","315.53999999999434","11.134102727883162","2.0"
"9.0","10.0","210.0","65.0","298.07999999999623","11.152760023994142","2.0"
"9.0","10.0","210.0","75.0","280.70999999999816","11.163680022181811","2.0"
"9.0","10.0","210.0","85.0","263.43802987233215","11.165758516712286","2.0"
"9.0","10.0","310.0","5.0","409.0799999999946","16.172574918768735","2.0"
"9.0","10.0","310.0","15.0","391.49999999999653","16.24076076300006","2.0"
"9.0","10.0","310.0","25.0","373.9799999999984","16.302737013968347","2.0"
"9.0","10.0","310.0","35.0","356.5040268655941","16.358745875798505","2.0"
"9.0","10.0","310.0","45.0","339.0899999999918","16.407504955568918","2.0"
"9.0","10.0","310.0","55.0","321.7499999999937","16.44781030929345","2.0"
"9.0","10.0","310.0","65.0","304.49999999999557","16.47805457662369","2.0"
"9.0","10.0","310.0","75.0","287.3399999999974","16.497268261268275","2.0"
"9.0","10.0","310.0","85.0","270.2780806943095","16.503887229667903","2.0"
"9.0","10.0","410.0","5.0","412.3799999999942","21.389732498896265","2.0"
"9.0","10.0","410.0","15.0","394.9499999999988","21.48110201102657","2.0"
"9.0","10.0","410.0","25.0","377.57999999999805","21.564424941272932","2.0"
"9.0","10.0","410.0","35.0","360.27","21.639075943225116","2.0"
"9.0","10.0","410.0","45.0","343.01999999999134","21.704374182950982","2.0"
"9.0","10.0","410.0","55.0","325.8299999999932","21.759581391275898","2.0"
"9.0","10.0","410.0","65.0","308.6999999999951","21.80389961479733","2.0"
"9.0","10.0","410.0","75.0","291.6899999999983","21.831985382845843","2.0"
"9.0","10.0","410.0","85.0","274.7699999999988","21.844482695128978","2.0"
"9.0","10.0","510.0","5.0","414.62999999999397","26.605741033178987","2.0"
"9.0","10.0","510.0","15.0","397.3199999999959","26.720182635507893","2.0"
"9.0","10.0","510.0","25.0","380.0699999999978","26.82474610109572","2.0"
"9.0","10.0","510.0","35.0","362.87999999999965","26.918674239534944","2.0"
"9.0","10.0","510.0","45.0","345.749999999991","27.00114344670282","2.0"
"9.0","10.0","510.0","55.0","328.6799999999929","27.07126166516616","2.0"
"9.0","10.0","510.0","65.0","311.6999999999961","27.125457062320663","2.0"
"9.0","10.0","510.0","75.0","294.8099999999966","27.162240975370647","2.0"
"9.0","10.0","510.0","85.0","278.00999999999846","27.179974130110917","2.0"
"9.0","10.0","610.0","5.0","416.2199999999938","31.819571094408495","2.0"
"9.0","10.0","610.0","15.0","399.0299999999957","31.95529893903821","2.0"
"9.0","10.0","610.0","25.0","381.8699999999989","32.0816786250366","2.0"
"9.0","10.0","610.0","35.0","364.76999999999947","32.19553829355156","2.0"
"9.0","10.0","610.0","45.0","347.7599999999908","32.29313896191886","2.0"
"9.0","10.0","610.0","55.0","330.7799999999927","32.37887190469375","2.0"
"9.0","10.0","610.0","65.0","313.8899999999959","32.44587854735924","2.0"
"9.0","10.0","610.0","75.0","297.08999999999634","32.49243658246818","2.0"
"9.0","10.0","610.0","85.0","280.4099999999995","32.51317445468132","2.0"
"9.0","10.0","710.0","5.0","417.35999999999365","37.03023994070723","2.0"
"9.0","10.0","710.0","15.0","400.2299999999956","37.190743254082456","2.0"
"9.0","10.0","710.0","25.0","383.18999999999744","37.33482453908356","2.0"
"9.0","10.0","710.0","35.0","366.1799999999993","37.46717448661486","2.0"
"9.0","10.0","710.0","45.0","349.21402686559486","37.58562882300923","2.0"
"9.0","10.0","710.0","55.0","332.33999999999253","37.68384805248014","2.0"
"9.0","10.0","710.0","65.0","315.53999999999434","37.762129035200644","2.0"
"9.0","10.0","710.0","75.0","298.8299999999962","37.816782014461964","2.0"
"9.0","10.0","710.0","85.0","282.239999999998","37.84162155468632","2.0"
"9.0","10.0","810.0","5.0","418.13999999999356","42.24044006532133","2.0"
"9.0","10.0","810.0","15.0","401.0999999999955","42.421946375214205","2.0"
"9.0","10.0","810.0","25.0","384.11999999999733","42.58797126538258","2.0"
"9.0","10.0","810.0","35.0","367.18402686559426","42.73922066285736","2.0"
"9.0","10.0","810.0","45.0","350.3099999999919","42.87253905190716","2.0"
"9.0","10.0","810.0","55.0","333.50999999999374","42.98500814511989","2.0"
"9.0","10.0","810.0","65.0","316.7999999999942","43.07273673269306","2.0"
"9.0","10.0","810.0","75.0","300.1799999999974","43.133487823111395","2.0"
"9.0","10.0","810.0","85.0","283.6499999999978","43.164810904870485","2.0"
"9.0","10.0","910.0","5.0","418.6799999999935","47.446221308880965","2.0"
"9.0","10.0","910.0","15.0","401.6999999999954","47.65059634550213","2.0"
"9.0","10.0","910.0","25.0","384.7799999999999","47.83770624847092","2.0"
"9.0","10.0","910.0","35.0","367.9199999999991","48.00628156434381","2.0"
"9.0","10.0","910.0","45.0","351.13402686559465","48.15302466863768","2.0"
"9.0","10.0","910.0","55.0","334.4099999999936","48.27789603941621","2.0"
"9.0","10.0","910.0","65.0","317.75999999999414","48.37740040010834","2.0"
"9.0","10.0","910.0","75.0","301.1699999999959","48.45171501198436","2.0"
"9.0","10.0","910.0","85.0","284.72999999999905","48.48367462319655","2.0"
"9.0","10.0","1010.0","5.0","419.0099999999935","52.64983312898134","2.0"
"9.0","10.0","1010.0","15.0","402.08999999999935","52.87615428725365","2.0"
"9.0","10.0","1010.0","25.0","385.22999999999985","53.08335441923314","2.0"
"9.0","10.0","1010.0","35.0","368.42999999999904","53.27004099207659","2.0"
"9.0","10.0","1010.0","45.0","351.7040268655946","53.43257811040583","2.0"
"9.0","10.0","1010.0","55.0","335.03999999999223","53.570944403072005","2.0"
"9.0","10.0","1010.0","65.0","318.4499999999954","53.68129566143895","2.0"
"9.0","10.0","1010.0","75.0","301.94999999999584","53.75852060623282","2.0"
"9.0","10.0","1010.0","85.0","285.53999999999894","53.79968964276475","2.0"
"9.0","10.0","1110.0","5.0","419.1599999999935","57.85261158051099","2.0"
"9.0","10.0","1110.0","15.0","402.29999999999535","58.099930718060314","2.0"
"9.0","10.0","1110.0","25.0","385.49999999999716","58.32619952428953","2.0"
"9.0","10.0","1110.0","35.0","368.759999999999","58.52989490178837","2.0"
"9.0","10.0","1110.0","45.0","352.09402686559457","58.70703454020604","2.0"
"9.0","10.0","1110.0","55.0","335.4899999999935","58.85760842020376","2.0"
"9.0","10.0","1110.0","65.0","318.9599999999953","58.97741525078327","2.0"
"9.0","10.0","1110.0","75.0","302.5199999999958","59.060871423286564","2.0"
"9.0","10.0","1110.0","85.0","286.1699999999976","59.104796831638566","2.0"
"9.0","10.0","10.0","5.0","342.4436708053896","0.5782369202894454","3.0"
"9.0","10.0","10.0","15.0","324.56999999999863","0.5800443276650494","3.0"
"9.0","10.0","10.0","25.0","306.61429286285045","0.5814947961315291","3.0"
"9.0","10.0","10.0","35.0","288.56999999999994","0.5825951970134788","3.0"
"9.0","10.0","10.0","45.0","270.4969358757768","0.5832181841521399","3.0"
"9.0","10.0","10.0","55.0","252.41999999999865","0.5832868549308198","3.0"
"9.0","10.0","10.0","65.0","234.34789972327115","0.582748750187797","3.0"
"9.0","10.0","10.0","75.0","216.32999999999865","0.5814351194988846","3.0"
"9.0","10.0","10.0","85.0","198.41999999999797","0.5791205520498611","3.0"
"9.0","10.0","110.0","5.0","379.1099999999953","6.3794714902609835","3.0"
"9.0","10.0","110.0","15.0","362.6399999999958","6.404635169708271","3.0"
"9.0","10.0","110.0","25.0","346.04999999999626","6.427396346675457","3.0"
"9.0","10.0","110.0","35.0","329.36999999999546","6.447220554040374","3.0"
"9.0","10.0","110.0","45.0","312.62999999999863","6.463507160222161","3.0"
"9.0","10.0","110.0","55.0","295.82999999999913","6.476216751868796","3.0"
"9.0","10.0","110.0","65.0","278.99999999999966","6.484644780304116","3.0"
"9.0","10.0","110.0","75.0","262.18703623826445","6.48752402822426","3.0"
"9.0","10.0","110.0","85.0","245.3999999999994","6.484300324845509","3.0"
"9.0","10.0","210.0","5.0","388.28999999999553","12.179751450953278","3.0"
"9.0","10.0","210.0","15.0","372.14999999999606","12.23056254575985","3.0"
"9.0","10.0","210.0","25.0","355.91999999999786","12.276147989407432","3.0"
"9.0","10.0","210.0","35.0","339.569999999997","12.317558058527428","3.0"
"9.0","10.0","210.0","45.0","323.18999999999613","12.351578915838811","3.0"
"9.0","10.0","210.0","55.0","306.73198070370097","12.379917317577966","3.0"
"9.0","10.0","210.0","65.0","290.21999999999576","12.40167247122993","3.0"
"9.0","10.0","210.0","75.0","273.7499999999976","12.412522245811873","3.0"
"9.0","10.0","210.0","85.0","257.24999999999943","12.415204954298266","3.0"
"9.0","10.0","310.0","5.0","393.433283829397","17.974703878892132","3.0"
"9.0","10.0","310.0","15.0","377.4899999999967","18.05128911655886","3.0"
"9.0","10.0","310.0","25.0","361.4399999999972","18.121294017265427","3.0"
"9.0","10.0","310.0","35.0","345.2999999999977","18.183946847200907","3.0"
"9.0","10.0","310.0","45.0","329.09999999999815","18.23770196219079","3.0"
"9.0","10.0","310.0","55.0","312.839999999996","18.282527904593042","3.0"
"9.0","10.0","310.0","65.0","296.54999999999905","18.31661879921452","3.0"
"9.0","10.0","310.0","75.0","280.2299999999982","18.339780999614803","3.0"
"9.0","10.0","310.0","85.0","263.9542623355843","18.346701928113863","3.0"
"9.0","10.0","410.0","5.0","396.86999999999995","23.7622038322015","3.0"
"9.0","10.0","410.0","15.0","381.0299999999937","23.86646188914787","3.0"
"9.0","10.0","410.0","25.0","365.1299999999994","23.959376618180514","3.0"
"9.0","10.0","410.0","35.0","349.1099999999986","24.044834116210517","3.0"
"9.0","10.0","410.0","45.0","333.0243692684466","24.119396611030336","3.0"
"9.0","10.0","410.0","55.0","316.88999999999817","24.181856023112243","3.0"
"9.0","10.0","410.0","65.0","300.7199999999986","24.231135822597945","3.0"
"9.0","10.0","410.0","75.0","284.54999999999643","24.264081768097004","3.0"
"9.0","10.0","410.0","85.0","268.4099999999982","24.27738574023628","3.0"
"9.0","10.0","510.0","5.0","399.29999999999967","29.545559644126225","3.0"
"9.0","10.0","510.0","15.0","383.5937683980017","29.673312927726517","3.0"
"9.0","10.0","510.0","25.0","367.73999999999387","29.79405100608105","3.0"
"9.0","10.0","510.0","35.0","351.83999999999827","29.899932238054085","3.0"
"9.0","10.0","510.0","45.0","335.8424022056589","29.995304041761166","3.0"
"9.0","10.0","510.0","55.0","319.7999999999978","30.07577925541143","3.0"
"9.0","10.0","510.0","65.0","303.7499999999996","30.137644566229238","3.0"
"9.0","10.0","510.0","75.0","287.6699999999987","30.182689183203447","3.0"
"9.0","10.0","510.0","85.0","271.61999999999915","30.20410140737771","3.0"
"9.0","10.0","610.0","5.0","401.15999999999946","35.31840078711577","3.0"
"9.0","10.0","610.0","15.0","385.4999999999946","35.4742285901494","3.0"
"9.0","10.0","610.0","25.0","369.7199999999976","35.61946476399967","3.0"
"9.0","10.0","610.0","35.0","353.8799999999993","35.748662787969884","3.0"
"9.0","10.0","610.0","45.0","337.94999999999715","35.86499985688757","3.0"
"9.0","10.0","610.0","55.0","322.00180438116803","35.961088090573114","3.0"
"9.0","10.0","610.0","65.0","305.999999999998","36.040655948961714","3.0"
"9.0","10.0","610.0","75.0","290.0399999999985","36.092119269493324","3.0"
"9.0","10.0","610.0","85.0","274.04999999999757","36.123309145689305","3.0"
"9.0","10.0","710.0","5.0","402.5399999999993","41.08850504198014","3.0"
"9.0","10.0","710.0","15.0","386.9399999999957","41.270070523088705","3.0"
"9.0","10.0","710.0","25.0","371.21999999999616","41.43953901054215","3.0"
"9.0","10.0","710.0","35.0","355.4279999999952","41.592079631499836","3.0"
"9.0","10.0","710.0","45.0","339.5699999999983","41.727226575761016","3.0"
"9.0","10.0","710.0","55.0","323.6699999999974","41.84222809979557","3.0"
"9.0","10.0","710.0","65.0","307.73999999999523","41.93548215608693","3.0"
"9.0","10.0","710.0","75.0","291.83999999999696","41.99823321638024","3.0"
"9.0","10.0","710.0","85.0","275.9314775143664","42.034822568192446","3.0"
"9.0","10.0","810.0","5.0","403.6499999999952","46.846568457257725","3.0"
"9.0","10.0","810.0","15.0","388.04999999999956","47.059230698691756","3.0"
"9.0","10.0","810.0","25.0","372.3899999999947","47.25124916140184","3.0"
"9.0","10.0","810.0","35.0","356.6099999999951","47.43054594993671","3.0"
"9.0","10.0","810.0","45.0","340.79999999999416","47.5858730610949","3.0"
"9.0","10.0","810.0","55.0","324.95999999999856","47.716981497671085","3.0"
"9.0","10.0","810.0","65.0","309.089999999999","47.823696814381435","3.0"
"9.0","10.0","810.0","75.0","293.23764713593766","47.89814908206121","3.0"
"9.0","10.0","810.0","85.0","277.4099999999972","47.93780061580636","3.0"
"9.0","10.0","910.0","5.0","404.45999999999907","52.60392659201994","3.0"
"9.0","10.0","910.0","15.0","388.91999999999547","52.83971162979512","3.0"
"9.0","10.0","910.0","25.0","373.25999999999596","53.0608689799573","3.0"
"9.0","10.0","910.0","35.0","357.53999999999894","53.25967958325755","3.0"
"9.0","10.0","910.0","45.0","341.75999999999675","53.436431854820256","3.0"
"9.0","10.0","910.0","55.0","325.94999999999715","53.586677541191804","3.0"
"9.0","10.0","910.0","65.0","310.1399999999963","53.70512476537971","3.0"
"9.0","10.0","910.0","75.0","294.3299999999967","53.790915778658764","3.0"
"9.0","10.0","910.0","85.0","278.5499999999997","53.83737983536429","3.0"
"9.0","10.0","1010.0","5.0","405.119999999995","58.34845970794582","3.0"
"9.0","10.0","1010.0","15.0","389.5799999999994","58.614152268045096","3.0"
"9.0","10.0","1010.0","25.0","373.9499999999971","58.85961360920572","3.0"
"9.0","10.0","1010.0","35.0","358.2599999999976","59.08071237874686","3.0"
"9.0","10.0","1010.0","45.0","342.50999999999533","59.27785773370807","3.0"
"9.0","10.0","1010.0","55.0","326.72999999999837","59.44620752575618","3.0"
"9.0","10.0","1010.0","65.0","310.9499999999988","59.579991942883154","3.0"
"9.0","10.0","1010.0","75.0","295.1757140654632","59.67720502923412","3.0"
"9.0","10.0","1010.0","85.0","279.4499999999983","59.72763550852822","3.0"
"9.0","10.0","1110.0","5.0","405.56999999999897","64.09340248990681","3.0"
"9.0","10.0","1110.0","15.0","390.0599999999993","64.38405196242455","3.0"
"9.0","10.0","1110.0","25.0","374.43626983753575","64.65685862910772","3.0"
"9.0","10.0","1110.0","35.0","358.76999999999487","64.90051776809612","3.0"
"9.0","10.0","1110.0","45.0","343.0499999999979","65.11726263259897","3.0"
"9.0","10.0","1110.0","55.0","327.32999999999697","65.29695925790003","3.0"
"9.0","10.0","1110.0","65.0","311.5799999999961","65.44501624989459","3.0"
"9.0","10.0","1110.0","75.0","295.8599999999952","65.54824452683691","3.0"
"9.0","10.0","1110.0","85.0","280.1699999999969","65.60467196447121","3.0"
"9.0","10.0","10.0","5.0","219.20999999999833","0.5818116754020729","3.0"
"9.0","10.0","10.0","15.0","209.06999999999812","0.5840401954611711","3.0"
"9.0","10.0","10.0","25.0","198.98399999999793","0.5859568703514044","3.0"
"9.0","10.0","10.0","35.0","188.90999999999772","0.5876446581803952","3.0"
"9.0","10.0","10.0","45.0","178.90294322817505","0.5888789526405755","3.0"
"9.0","10.0","10.0","55.0","168.89999999999992","0.5897769993269952","3.0"
"9.0","10.0","10.0","65.0","158.90999999999968","0.5901981517932698","3.0"
"9.0","10.0","10.0","75.0","148.91999999999945","0.590016805015357","3.0"
"9.0","10.0","10.0","85.0","138.94628116071476","0.5889029654400191","3.0"
"9.0","10.0","110.0","5.0","241.60200000000117","6.411585407519084","3.0"
"9.0","10.0","110.0","15.0","232.24796999999953","6.439258858318064","3.0"
"9.0","10.0","110.0","25.0","222.9599999999966","6.463765259891035","3.0"
"9.0","10.0","110.0","35.0","213.67799999999895","6.486572354024004","3.0"
"9.0","10.0","110.0","45.0","204.42198397437818","6.506860816208293","3.0"
"9.0","10.0","110.0","55.0","195.20999999999964","6.523657660263166","3.0"
"9.0","10.0","110.0","65.0","185.99999999999935","6.537814098516957","3.0"
"9.0","10.0","110.0","75.0","176.81999999999772","6.547634817170938","3.0"
"9.0","10.0","110.0","85.0","167.6699999999987","6.5519394109240485","3.0"
"9.0","10.0","210.0","5.0","247.49999999999918","12.232623641213731","3.0"
"9.0","10.0","210.0","15.0","238.42799999999622","12.283591335722472","3.0"
"9.0","10.0","210.0","25.0","229.37999999999985","12.330843628061032","3.0"
"9.0","10.0","210.0","35.0","220.3499999999995","12.374430168833149","3.0"
"9.0","10.0","210.0","45.0","211.36799999999522","12.412199608055525","3.0"
"9.0","10.0","210.0","55.0","202.37999999999752","12.446717432919744","3.0"
"9.0","10.0","210.0","65.0","193.46999999999983","12.472010612448665","3.0"
"9.0","10.0","210.0","75.0","184.55999999999685","12.491654790136266","3.0"
"9.0","10.0","210.0","85.0","175.67999999999918","12.501967519122667","3.0"
"9.0","10.0","310.0","5.0","251.0399999999988","18.03653513729267","3.0"
"9.0","10.0","310.0","15.0","242.12999999999846","18.110918146838863","3.0"
"9.0","10.0","310.0","25.0","233.24999999999943","18.179527246696335","3.0"
"9.0","10.0","310.0","35.0","224.39999999999776","18.241896903797173","3.0"
"9.0","10.0","310.0","45.0","215.5988999999961","18.295820919339224","3.0"
"9.0","10.0","310.0","55.0","206.81999999999704","18.342634728089774","3.0"
"9.0","10.0","310.0","65.0","198.0599999999967","18.381574889226815","3.0"
"9.0","10.0","310.0","75.0","189.35999999999632","18.407117445764165","3.0"
"9.0","10.0","310.0","85.0","180.6599999999999","18.422512695039167","3.0"
"9.0","10.0","410.0","5.0","253.5299999999972","23.826218913854373","3.0"
"9.0","10.0","410.0","15.0","244.76999999999552","23.92091574600613","3.0"
"9.0","10.0","410.0","25.0","236.04599999999513","24.0073789392939","3.0"
"9.0","10.0","410.0","35.0","227.36999999999477","24.083685509334085","3.0"
"9.0","10.0","410.0","45.0","218.70480000038785","24.152960801997345","3.0"
"9.0","10.0","410.0","55.0","210.06808069430954","24.21241601238976","3.0"
"9.0","10.0","410.0","65.0","201.50530169999635","24.255178576107067","3.0"
"9.0","10.0","410.0","75.0","192.95999999999594","24.285558272700364","3.0"
"9.0","10.0","410.0","85.0","184.44246988868525","24.299314120040727","3.0"
"9.0","10.0","510.0","5.0","255.50999999999564","29.593503033986348","3.0"
"9.0","10.0","510.0","15.0","246.8879999999953","29.70543494528818","3.0"
"9.0","10.0","510.0","25.0","238.28999999999888","29.808566762532372","3.0"
"9.0","10.0","510.0","35.0","229.7198909539292","29.901806285315683","3.0"
"9.0","10.0","510.0","45.0","221.1899999999968","29.9826553373373","3.0"
"9.0","10.0","510.0","55.0","212.7299999999951","30.04557206937224","3.0"
"9.0","10.0","510.0","65.0","204.29999999999998","30.09401888359375","3.0"
"9.0","10.0","510.0","75.0","195.9110400000001","30.12375407013328","3.0"
"9.0","10.0","510.0","85.0","187.54445377020454","30.133803408989067","3.0"
"9.0","10.0","610.0","5.0","257.15999999999815","35.33859497340442","3.0"
"9.0","10.0","610.0","15.0","248.62889999999908","35.47032141829363","3.0"
"9.0","10.0","610.0","25.0","240.14999999999867","35.587649458650255","3.0"
"9.0","10.0","610.0","35.0","231.7462116899996","35.685939517868945","3.0"
"9.0","10.0","610.0","45.0","223.356227297352","35.773207963020965","3.0"
"9.0","10.0","610.0","55.0","215.00999999999485","35.843393049081094","3.0"
"9.0","10.0","610.0","65.0","206.7299999999997","35.89032363775938","3.0"
"9.0","10.0","610.0","75.0","198.47999999999928","35.91679962176105","3.0"
"9.0","10.0","610.0","85.0","190.27180979999764","35.91609736679234","3.0"
"9.0","10.0","710.0","5.0","258.5699999999953","41.063488451886684","3.0"
"9.0","10.0","710.0","15.0","250.16999999999757","41.20631792801566","3.0"
"9.0","10.0","710.0","25.0","241.8299999999998","41.33086824612338","3.0"
"9.0","10.0","710.0","35.0","233.51999999999543","41.44107029166503","3.0"
"9.0","10.0","710.0","45.0","225.26999999999768","41.53031632575712","3.0"
"9.0","10.0","710.0","55.0","217.05802987233326","41.60062128697636","3.0"
"9.0","10.0","710.0","65.0","208.91999999999948","41.642360960109926","3.0"
"9.0","10.0","710.0","75.0","201.39781242917286","41.55947619119634","3.0"
"9.0","10.0","710.0","85.0","192.7499999999973","41.64514004130722","3.0"
"9.0","10.0","810.0","5.0","259.86600000036856","46.75773889275303","3.0"
"9.0","10.0","810.0","15.0","251.5889414123302","46.90897238707492","3.0"
"9.0","10.0","810.0","25.0","243.35217069351572","47.04304111996292","3.0"
"9.0","10.0","810.0","35.0","235.16999999999524","47.155990695473214","3.0"
"9.0","10.0","810.0","45.0","227.0399999999975","47.24660173052522","3.0"
"9.0","10.0","810.0","55.0","218.96999999999966","47.310946955446255","3.0"
"9.0","10.0","810.0","65.0","210.98999999999924","47.338947551189136","3.0"
"9.0","10.0","810.0","75.0","203.0056666319949","47.347004114649295","3.0"
"9.0","10.0","810.0","85.0","195.08999999999966","47.31209298361978","3.0"
"9.0","10.0","910.0","5.0","261.0599999999977","52.424279466518804","3.0"
"9.0","10.0","910.0","15.0","252.88320000016822","52.58497283798357","3.0"
"9.0","10.0","910.0","25.0","244.77784746544887","52.71983864612858","3.0"
"9.0","10.0","910.0","35.0","236.737714385215","52.828408351256265","3.0"
"9.0","10.0","910.0","45.0","228.74999999999858","52.911499904495756","3.0"
"9.0","10.0","910.0","55.0","220.79999999999947","52.97020199935669","3.0"
"9.0","10.0","910.0","65.0","213.23057543198806","52.91566698620692","3.0"
"9.0","10.0","910.0","75.0","205.14538712953984","52.96508898936674","3.0"
"9.0","10.0","910.0","85.0","197.33999999999853","52.913940823284605","3.0"
"9.0","10.0","1010.0","5.0","262.197694975765","58.057646079598555","3.0"
"9.0","10.0","1010.0","15.0","254.13999999999933","58.22073332186626","3.0"
"9.0","10.0","1010.0","25.0","246.14289452320116","58.357676501631","3.0"
"9.0","10.0","1010.0","35.0","238.23711108799927","58.459254731739115","3.0"
"9.0","10.0","1010.0","45.0","230.3799999999993","58.53336323023071","3.0"
"9.0","10.0","1010.0","55.0","222.59999999999752","58.56988761402009","3.0"
"9.0","10.0","1010.0","65.0","214.8899999999998","58.56598969791041","3.0"
"9.0","10.0","1010.0","75.0","207.2139999999998","58.52536527942944","3.0"
"9.0","10.0","1010.0","85.0","199.55699999999894","58.443563023255706","3.0"
"9.0","10.0","1110.0","5.0","263.28825967066376","63.66014227287974","3.0"
"9.0","10.0","1110.0","15.0","255.35752658606245","63.82033175239462","3.0"
"9.0","10.0","1110.0","25.0","247.49616923447647","63.94936541076839","3.0"
"9.0","10.0","1110.0","35.0","239.72242384268552","64.04038444493652","3.0"
"9.0","10.0","1110.0","45.0","232.01850000000593","64.09528446219495","3.0"
"9.0","10.0","1110.0","55.0","224.37098099999545","64.11440897998436","3.0"
"9.0","10.0","1110.0","65.0","216.80899999999997","64.08449100564806","3.0"
"9.0","10.0","1110.0","75.0","209.29115854200023","64.01014718414966","3.0"
"9.0","10.0","1110.0","85.0","201.76099999999911","63.8985899412165","3.0"
"9.0","10.0","10.0","5.0","43.880703602727806","0.5842288765658582","3.0"
"9.0","10.0","10.0","15.0","41.84070360272803","0.586493199892961","3.0"
"9.0","10.0","10.0","25.0","39.83070360272825","0.5881971698395713","3.0"
"9.0","10.0","10.0","35.0","37.82070360272847","0.5897348646771055","3.0"
"9.0","10.0","10.0","45.0","35.8199999999342","0.5909478588239148","3.0"
"9.0","10.0","10.0","55.0","33.809999999957014","0.5921298529406697","3.0"
"9.0","10.0","10.0","65.0","31.829999999979492","0.5925767291684562","3.0"
"9.0","10.0","10.0","75.0","29.879999999933254","0.5921773294522662","3.0"
"9.0","10.0","10.0","85.0","27.89999999995573","0.5920737568209041","3.0"
"9.0","10.0","110.0","5.0","48.338415610971765","6.444931673502957","3.0"
"9.0","10.0","110.0","15.0","46.490703602727514","6.468095238382071","3.0"
"9.0","10.0","110.0","25.0","44.60999999990107","6.494584088987337","3.0"
"9.0","10.0","110.0","35.0","42.77070360272793","6.513707387870694","3.0"
"9.0","10.0","110.0","45.0","40.91999999994347","6.532981916131319","3.0"
"9.0","10.0","110.0","55.0","39.080703602728335","6.548810579998058","3.0"
"9.0","10.0","110.0","65.0","37.229999999985864","6.56489775375953","3.0"
"9.0","10.0","110.0","75.0","35.43000000000033","6.570020427597532","3.0"
"9.0","10.0","110.0","85.0","33.60000000000028","6.57844351490964","3.0"
"9.0","10.0","210.0","5.0","49.52999999999983","12.29489761416096","3.0"
"9.0","10.0","210.0","15.0","47.72070360272738","12.341977981940552","3.0"
"9.0","10.0","210.0","25.0","45.92070360272758","12.384118909680037","3.0"
"9.0","10.0","210.0","35.0","44.09999999999931","12.429420844715331","3.0"
"9.0","10.0","210.0","45.0","42.299999999927614","12.466406646730816","3.0"
"9.0","10.0","210.0","55.0","40.51422523776477","12.49625313275713","3.0"
"9.0","10.0","210.0","65.0","38.72999999996863","12.522405946099658","3.0"
"9.0","10.0","210.0","75.0","36.959999999988966","12.54046556565101","3.0"
"9.0","10.0","210.0","85.0","35.2047455721826","12.549500499527056","3.0"
"9.0","10.0","310.0","5.0","50.230664991620216","18.132482487690613","3.0"
"9.0","10.0","310.0","15.0","48.45841561097175","18.199587750728096","3.0"
"9.0","10.0","310.0","25.0","46.67999999987729","18.26551339540994","3.0"
"9.0","10.0","310.0","35.0","44.90999999999922","18.32457845098411","3.0"
"9.0","10.0","310.0","45.0","43.13999999999942","18.379898300125685","3.0"
"9.0","10.0","310.0","55.0","41.39999999992125","18.418166640927772","3.0"
"9.0","10.0","310.0","65.0","39.65070360272827","18.45581431829","3.0"
"9.0","10.0","310.0","75.0","37.91999999997794","18.479846165113543","3.0"
"9.0","10.0","310.0","85.0","36.20070360272847","18.492656579980927","3.0"
"9.0","10.0","410.0","5.0","50.7384156109715","23.949745471384034","3.0"
"9.0","10.0","410.0","15.0","48.989999999999895","24.037775040904013","3.0"
"9.0","10.0","410.0","25.0","47.23958926062236","24.122291129329724","3.0"
"9.0","10.0","410.0","35.0","45.50999999989073","24.191283617818545","3.0"
"9.0","10.0","410.0","45.0","43.76999999999935","24.260662825504106","3.0"
"9.0","10.0","410.0","55.0","42.05999999993037","24.3078186759641","3.0"
"9.0","10.0","410.0","65.0","40.349999999950015","24.348625341838144","3.0"
"9.0","10.0","410.0","75.0","38.63999999996967","24.383080283135307","3.0"
"9.0","10.0","410.0","85.0","36.95070360272849","24.397592707089068","3.0"
"9.0","10.0","510.0","5.0","51.12851268111817","29.751771922624272","3.0"
"9.0","10.0","510.0","15.0","49.41841561097164","29.849174703731602","3.0"
"9.0","10.0","510.0","25.0","47.69999999982963","29.945555469191714","3.0"
"9.0","10.0","510.0","35.0","45.9899999998545","30.030576374590662","3.0"
"9.0","10.0","510.0","45.0","44.2799999999993","30.109325365366658","3.0"
"9.0","10.0","510.0","55.0","42.59999999999948","30.160589416461665","3.0"
"9.0","10.0","510.0","65.0","40.91070360272813","30.21083633663664","3.0"
"9.0","10.0","510.0","75.0","39.23999999996277","30.239492882446353","3.0"
"9.0","10.0","510.0","85.0","37.5807036027285","30.250645588458802","3.0"
"9.0","10.0","610.0","5.0","51.45841561097142","35.52908267836659","3.0"
"9.0","10.0","610.0","15.0","49.77841561097161","35.635082968249726","3.0"
"9.0","10.0","610.0","25.0","48.070664991620454","35.75393656109906","3.0"
"9.0","10.0","610.0","35.0","46.400703602727525","35.8373236208826","3.0"
"9.0","10.0","610.0","45.0","44.69999999999925","35.937035529089556","3.0"
"9.0","10.0","610.0","55.0","43.049999999918995","35.988021603922334","3.0"
"9.0","10.0","610.0","65.0","41.41339629588317","36.01777869959938","3.0"
"9.0","10.0","610.0","75.0","39.74999999995691","36.061458974806406","3.0"
"9.0","10.0","610.0","85.0","38.1299999999688","36.05596579168231","3.0"
"9.0","10.0","710.0","5.0","51.76066499162005","41.270189303741915","3.0"
"9.0","10.0","710.0","15.0","50.06999999999977","41.413250539164395","3.0"
"9.0","10.0","710.0","25.0","48.41999999999995","41.51439547903047","3.0"
"9.0","10.0","710.0","35.0","46.76070360272749","41.61433131652864","3.0"
"9.0","10.0","710.0","45.0","45.11070360272767","41.69686885772836","3.0"
"9.0","10.0","710.0","55.0","43.46999999991417","41.761194999953624","3.0"
"9.0","10.0","710.0","65.0","41.84070360272803","41.80438768787022","3.0"
"9.0","10.0","710.0","75.0","40.2507036027282","41.79643647832731","3.0"
"9.0","10.0","710.0","85.0","38.660703602728375","41.775308388782186","3.0"
"9.0","10.0","810.0","5.0","52.02841561097136","46.9870449862051","3.0"
"9.0","10.0","810.0","15.0","50.36999999999974","47.13116997417762","3.0"
"9.0","10.0","810.0","25.0","48.71999999999992","47.25836283661336","3.0"
"9.0","10.0","810.0","35.0","47.069999999872806","47.37636973128463","3.0"
"9.0","10.0","810.0","45.0","45.470703602727625","47.43255205108023","3.0"
"9.0","10.0","810.0","55.0","43.850703602727805","47.49865338052647","3.0"
"9.0","10.0","810.0","65.0","42.26070360272798","47.520433611734965","3.0"
"9.0","10.0","810.0","75.0","40.700703602728154","47.49451251506571","3.0"
"9.0","10.0","810.0","85.0","39.11999999996415","47.47884772183607","3.0"
"9.0","10.0","910.0","5.0","52.25999999999953","52.69054055444765","3.0"
"9.0","10.0","910.0","15.0","50.609999999999715","52.85579127946238","3.0"
"9.0","10.0","910.0","25.0","48.99841561097169","52.97071299416892","3.0"
"9.0","10.0","910.0","35.0","47.39070360272741","53.06981447759024","3.0"
"9.0","10.0","910.0","45.0","45.800703602727594","53.136883148563484","3.0"
"9.0","10.0","910.0","55.0","44.21999999990555","53.180200422229625","3.0"
"9.0","10.0","910.0","65.0","42.65070360272794","53.196355974987796","3.0"
"9.0","10.0","910.0","75.0","41.129999999941056","53.13638025190378","3.0"
"9.0","10.0","910.0","85.0","39.590703602728276","53.084021884095435","3.0"
"9.0","10.0","1010.0","5.0","52.48446125170631","58.35870608187737","3.0"
"9.0","10.0","1010.0","15.0","50.87999999999968","58.5021064947044","3.0"
"9.0","10.0","1010.0","25.0","49.26841561097166","58.64224210507316","3.0"
"9.0","10.0","1010.0","35.0","47.69070360272738","58.72993026033354","3.0"
"9.0","10.0","1010.0","45.0","46.147864082074676","58.76003455862032","3.0"
"9.0","10.0","1010.0","55.0","44.57999999999926","58.80739804250936","3.0"
"9.0","10.0","1010.0","65.0","43.049999999918995","58.79018046678005","3.0"
"9.0","10.0","1010.0","75.0","41.54070360272806","58.72803499181179","3.0"
"9.0","10.0","1010.0","85.0","40.07070360272822","58.59162519662674","3.0"
"9.0","10.0","1110.0","5.0","52.70999999999948","63.983510017086196","3.0"
"9.0","10.0","1110.0","15.0","51.119999999999656","64.13576728189449","3.0"
"9.0","10.0","1110.0","25.0","49.55999999999983","64.23696879212093","3.0"
"9.0","10.0","1110.0","35.0","48.00168312205648","64.32165067494256","3.0"
"9.0","10.0","1110.0","45.0","46.4699999998797","64.35558077894036","3.0"
"9.0","10.0","1110.0","55.0","44.96070360272768","64.3418258620471","3.0"
"9.0","10.0","1110.0","65.0","43.46070360272785","64.29734413206442","3.0"
"9.0","10.0","1110.0","75.0","41.99070360272801","64.1899813849861","3.0"
"9.0","10.0","1110.0","85.0","40.523639884678545","64.059009252365","3.0"
"9.0","10.0","10.0","5.0","342.45891109628786","0.5782028562650967","3.0"
"9.0","10.0","10.0","15.0","324.5699999999986","0.5800359943324654","3.0"
"9.0","10.0","10.0","25.0","306.59999999999786","0.5815135593740235","3.0"
"9.0","10.0","10.0","35.0","288.5699999999999","0.5825868636802061","3.0"
"9.0","10.0","10.0","45.0","270.50999999999925","0.5831816869548425","3.0"
"9.0","10.0","10.0","55.0","252.41999999999862","0.5832785215990811","3.0"
"9.0","10.0","10.0","65.0","234.3457684835934","0.5827457147381474","3.0"
"9.0","10.0","10.0","75.0","216.32999999999862","0.5814267861655513","3.0"
"9.0","10.0","10.0","85.0","198.41999999999928","0.5791122187165249","3.0"
"9.0","10.0","110.0","5.0","379.1099999999965","6.379463156669824","3.0"
"9.0","10.0","110.0","15.0","362.63999999999703","6.404626835834782","3.0"
"9.0","10.0","110.0","25.0","346.0499999999975","6.427388013365734","3.0"
"9.0","10.0","110.0","35.0","329.3699999999954","6.447212221030503","3.0"
"9.0","10.0","110.0","45.0","312.6299999999986","6.463498826942795","3.0"
"9.0","10.0","110.0","55.0","295.82999999999777","6.476208418560727","3.0"
"9.0","10.0","110.0","65.0","278.9999999999996","6.484636446974843","3.0"
"9.0","10.0","110.0","75.0","262.18165909929706","6.487648712819459","3.0"
"9.0","10.0","110.0","85.0","245.39999999999674","6.484291991508816","3.0"
"9.0","10.0","210.0","5.0","388.28999999999945","12.179743128910253","3.0"
"9.0","10.0","210.0","15.0","372.1499999999986","12.230554212818518","3.0"
"9.0","10.0","210.0","25.0","355.9199999999978","12.276139656065757","3.0"
"9.0","10.0","210.0","35.0","339.5699999999969","12.317549724982726","3.0"
"9.0","10.0","210.0","45.0","323.18999999999875","12.351570582548305","3.0"
"9.0","10.0","210.0","55.0","306.71999999999787","12.380392716506572","3.0"
"9.0","10.0","210.0","65.0","290.2199999999997","12.401664137972865","3.0"
"9.0","10.0","210.0","75.0","273.74999999999756","12.412513912424023","3.0"
"9.0","10.0","210.0","85.0","257.24999999999807","12.415196620976218","3.0"
"9.0","10.0","310.0","5.0","393.4499999999989","17.973931685882608","3.0"
"9.0","10.0","310.0","15.0","377.489999999998","18.051280781254817","3.0"
"9.0","10.0","310.0","25.0","361.43999999999716","18.12128568465269","3.0"
"9.0","10.0","310.0","35.0","345.2973951852399","18.184075631419127","3.0"
"9.0","10.0","310.0","45.0","329.0999999999981","18.237693628868403","3.0"
"9.0","10.0","310.0","55.0","312.83999999999594","18.282519571242037","3.0"
"9.0","10.0","310.0","65.0","296.5499999999964","18.316610465878323","3.0"
"9.0","10.0","310.0","75.0","280.22999999999683","18.339772666281604","3.0"
"9.0","10.0","310.0","85.0","263.9399999999973","18.347684908775634","3.0"
"9.0","10.0","410.0","5.0","396.86999999999585","23.76219545137838","3.0"
"9.0","10.0","410.0","15.0","381.0299999999963","23.866453550607034","3.0"
"9.0","10.0","410.0","25.0","365.12999999999676","23.95936829095009","3.0"
"9.0","10.0","410.0","35.0","349.10999999999854","24.04482578320286","3.0"
"9.0","10.0","410.0","45.0","333.02999999999764","24.118980391614212","3.0"
"9.0","10.0","410.0","55.0","316.88999999999675","24.181847689356523","3.0"
"9.0","10.0","410.0","65.0","300.71999999999593","24.231127489409864","3.0"
"9.0","10.0","410.0","75.0","284.5499999999977","24.264073434449593","3.0"
"9.0","10.0","410.0","85.0","268.40999999999815","24.277377406453752","3.0"
"9.0","10.0","510.0","5.0","399.2999999999956","29.54555131060676","3.0"
"9.0","10.0","510.0","15.0","383.5799999999973","29.67436964212936","3.0"
"9.0","10.0","510.0","25.0","367.7399999999991","29.794042673836564","3.0"
"9.0","10.0","510.0","35.0","351.83999999999554","29.899923906487743","3.0"
"9.0","10.0","510.0","45.0","335.849999999996","29.994617063300137","3.0"
"9.0","10.0","510.0","55.0","319.79999999999774","30.075770922827537","3.0"
"9.0","10.0","510.0","65.0","303.7499999999956","30.137636234158805","3.0"
"9.0","10.0","510.0","75.0","287.66999999999734","30.182680849829115","3.0"
"9.0","10.0","510.0","85.0","271.6199999999978","30.204093074789537","3.0"
"9.0","10.0","610.0","5.0","401.1599999999954","35.3183924535477","3.0"
"9.0","10.0","610.0","15.0","385.4999999999958","35.47422022139143","3.0"
"9.0","10.0","610.0","25.0","369.7199999999975","35.619456384758486","3.0"
"9.0","10.0","610.0","35.0","353.879999999998","35.74865445513949","3.0"
"9.0","10.0","610.0","45.0","337.9499999999971","35.864991523199734","3.0"
"9.0","10.0","610.0","55.0","321.9899999999975","35.96239829721601","3.0"
"9.0","10.0","610.0","65.0","305.99999999999795","36.0406476157268","3.0"
"9.0","10.0","610.0","75.0","290.03999999999843","36.0921109373629","3.0"
"9.0","10.0","610.0","85.0","274.0499999999975","36.123300812137046","3.0"
"9.0","10.0","710.0","5.0","402.5399999999992","41.088496709121415","3.0"
"9.0","10.0","710.0","15.0","386.9399999999996","41.27006218735146","3.0"
"9.0","10.0","710.0","25.0","371.21999999999474","41.439530702147344","3.0"
"9.0","10.0","710.0","35.0","355.4099999999991","41.594177305313174","3.0"
"9.0","10.0","710.0","45.0","339.56999999999823","41.727218233213","3.0"
"9.0","10.0","710.0","55.0","323.66999999999734","41.84221976586447","3.0"
"9.0","10.0","710.0","65.0","307.7399999999965","41.93547382175109","3.0"
"9.0","10.0","710.0","75.0","291.8399999999969","41.99822488296549","3.0"
"9.0","10.0","710.0","85.0","275.93999999999863","42.03351589785286","3.0"
"9.0","10.0","810.0","5.0","403.6499999999991","46.84656011827228","3.0"
"9.0","10.0","810.0","15.0","388.0499999999995","47.059222369872344","3.0"
"9.0","10.0","810.0","25.0","372.38999999999857","47.25124089132189","3.0"
"9.0","10.0","810.0","35.0","356.609999999999","47.430537615656156","3.0"
"9.0","10.0","810.0","45.0","340.79999999999677","47.58586472239372","3.0"
"9.0","10.0","810.0","55.0","324.9599999999985","47.71697316353573","3.0"
"9.0","10.0","810.0","65.0","309.08999999999895","47.82368849981859","3.0"
"9.0","10.0","810.0","75.0","293.2499999999954","47.89612226707792","3.0"
"9.0","10.0","810.0","85.0","277.4099999999958","47.93779229972952","3.0"
"9.0","10.0","910.0","5.0","404.459999999999","52.60391827550844","3.0"
"9.0","10.0","910.0","15.0","388.9199999999928","52.83970328706616","3.0"
"9.0","10.0","910.0","25.0","373.2599999999959","53.06086062189019","3.0"
"9.0","10.0","910.0","35.0","357.53999999999627","53.259671210004406","3.0"
"9.0","10.0","910.0","45.0","341.759999999994","53.43642354937766","3.0"
"9.0","10.0","910.0","55.0","325.9499999999971","53.586669208461416","3.0"
"9.0","10.0","910.0","65.0","310.13999999999623","53.705116428641766","3.0"
"9.0","10.0","910.0","75.0","294.32999999999663","53.790907457461245","3.0"
"9.0","10.0","910.0","85.0","278.54999999999836","53.83737150547683","3.0"
"9.0","10.0","1010.0","5.0","405.09777599999495","58.35165298420715","3.0"
"9.0","10.0","1010.0","15.0","389.5799999999953","58.614143975427254","3.0"
"9.0","10.0","1010.0","25.0","373.9499999999945","58.85960526746718","3.0"
"9.0","10.0","1010.0","35.0","358.2599999999988","59.08070404684346","3.0"
"9.0","10.0","1010.0","45.0","342.4899851962916","59.28131282986487","3.0"
"9.0","10.0","1010.0","55.0","326.729999999997","59.44619918214504","3.0"
"9.0","10.0","1010.0","65.0","310.94999999999743","59.57998361478681","3.0"
"9.0","10.0","1010.0","75.0","295.19999999999783","59.672287558940425","3.0"
"9.0","10.0","1010.0","85.0","279.4499999999969","59.72762718387206","3.0"
"9.0","10.0","1110.0","5.0","405.56999999999357","64.09339416490872","3.0"
"9.0","10.0","1110.0","15.0","390.0599999999966","64.38404363765252","3.0"
"9.0","10.0","1110.0","25.0","374.45999999999833","64.65275231297427","3.0"
"9.0","10.0","1110.0","35.0","358.7699999999975","64.90050957856684","3.0"
"9.0","10.0","1110.0","45.0","343.0499999999952","65.11725429793373","3.0"
"9.0","10.0","1110.0","55.0","327.3299999999996","65.2969509203935","3.0"
"9.0","10.0","1110.0","65.0","311.57999999999475","65.44500790701376","3.0"
"9.0","10.0","1110.0","75.0","295.85999999999905","65.54823619886457","3.0"
"9.0","10.0","1110.0","85.0","280.16999999999683","65.60466364393083","3.0"
"9.0","10.0","10.0","5.0","219.20999999999964","0.5818033418651538","3.0"
"9.0","10.0","10.0","15.0","209.06999999999812","0.5840318622380758","3.0"
"9.0","10.0","10.0","25.0","198.9899999999979","0.5859308672056783","3.0"
"9.0","10.0","10.0","35.0","188.92173095739142","0.5875998667457342","3.0"
"9.0","10.0","10.0","45.0","178.90436385297664","0.5888659375545496","3.0"
"9.0","10.0","10.0","55.0","168.89999999999992","0.5897686659997539","3.0"
"9.0","10.0","10.0","65.0","158.90999999999968","0.5901898184611543","3.0"
"9.0","10.0","10.0","75.0","148.92180671110114","0.5900013172953985","3.0"
"9.0","10.0","10.0","85.0","138.94197629613726","0.588912878089609","3.0"
"9.0","10.0","110.0","5.0","241.58999999999983","6.4118958109516395","3.0"
"9.0","10.0","110.0","15.0","232.2599999999969","6.438917194171636","3.0"
"9.0","10.0","110.0","25.0","222.94094521709488","6.464309172955352","3.0"
"9.0","10.0","110.0","35.0","213.67799999999497","6.486563888192288","3.0"
"9.0","10.0","110.0","45.0","204.41999999999862","6.50691569030992","3.0"
"9.0","10.0","110.0","55.0","195.20999999999964","6.523649324501986","3.0"
"9.0","10.0","110.0","65.0","185.99999999999804","6.537805765658992","3.0"
"9.0","10.0","110.0","75.0","176.81999999999906","6.547626483833551","3.0"
"9.0","10.0","110.0","85.0","167.6702624399961","6.551925503644945","3.0"
"9.0","10.0","210.0","5.0","247.4938128036098","12.232920559759789","3.0"
"9.0","10.0","210.0","15.0","238.43999999999622","12.282964614093359","3.0"
"9.0","10.0","210.0","25.0","229.37999999999852","12.330843597993635","3.0"
"9.0","10.0","210.0","35.0","220.34999999999687","12.374421795557625","3.0"
"9.0","10.0","210.0","45.0","211.3499999999992","12.413248375297686","3.0"
"9.0","10.0","210.0","55.0","202.38533606876015","12.446379667244765","3.0"
"9.0","10.0","210.0","65.0","193.46999999999852","12.472002955388879","3.0"
"9.0","10.0","210.0","75.0","184.55999999999554","12.491646456950967","3.0"
"9.0","10.0","210.0","85.0","175.6799999999952","12.501960539205191","3.0"
"9.0","10.0","310.0","5.0","251.03999999999613","18.036527422445836","3.0"
"9.0","10.0","310.0","15.0","242.12999999999582","18.110909643518323","3.0"
"9.0","10.0","310.0","25.0","233.2499999999968","18.179519030145364","3.0"
"9.0","10.0","310.0","35.0","224.3919599999981","18.242018231573557","3.0"
"9.0","10.0","310.0","45.0","215.59299999999635","18.295919462193176","3.0"
"9.0","10.0","310.0","55.0","206.80499999999805","18.34339149517394","3.0"
"9.0","10.0","310.0","65.0","198.05999999999605","18.380978401560736","3.0"
"9.0","10.0","310.0","75.0","189.34499999999795","18.407954419426925","3.0"
"9.0","10.0","310.0","85.0","180.65999999999696","18.421865407029916","3.0"
"9.0","10.0","410.0","5.0","253.52999999999983","23.82561685275774","3.0"
"9.0","10.0","410.0","15.0","244.76999999999882","23.92029345046577","3.0"
"9.0","10.0","410.0","25.0","236.03999999999579","24.007345346281742","3.0"
"9.0","10.0","410.0","35.0","227.35499999999774","24.084609956499445","3.0"
"9.0","10.0","410.0","45.0","218.7011999999997","24.15266959755809","3.0"
"9.0","10.0","410.0","55.0","210.0749999999977","24.21090613907188","3.0"
"9.0","10.0","410.0","65.0","201.49499999999566","24.25567999016724","3.0"
"9.0","10.0","410.0","75.0","192.94170000304598","24.287096178476485","3.0"
"9.0","10.0","410.0","85.0","184.42499999999754","24.300821636710108","3.0"
"9.0","10.0","510.0","5.0","255.5099999999986","29.592787399879793","3.0"
"9.0","10.0","510.0","15.0","246.87899999999658","29.705782135771123","3.0"
"9.0","10.0","510.0","25.0","238.27499999999853","29.80968363717029","3.0"
"9.0","10.0","510.0","35.0","229.70999999999748","29.902309913689486","3.0"
"9.0","10.0","510.0","45.0","221.1975000000143","29.980831140059603","3.0"
"9.0","10.0","510.0","55.0","212.72999999999638","30.044740436255616","3.0"
"9.0","10.0","510.0","65.0","204.28760584499926","30.09498374294075","3.0"
"9.0","10.0","510.0","75.0","195.859784016976","30.130759462816343","3.0"
"9.0","10.0","510.0","85.0","187.5299999999962","30.1352067094035","3.0"
"9.0","10.0","610.0","5.0","257.1449999999994","35.339839865501574","3.0"
"9.0","10.0","610.0","15.0","248.6399999999984","35.46789854505872","3.0"
"9.0","10.0","610.0","25.0","240.16499999999834","35.584564320432605","3.0"
"9.0","10.0","610.0","35.0","231.73499999999825","35.686779394008916","3.0"
"9.0","10.0","610.0","45.0","223.34999999999621","35.77329456171794","3.0"
"9.0","10.0","610.0","55.0","215.00812241335677","35.84276804610014","3.0"
"9.0","10.0","610.0","65.0","206.71349999999507","35.89222337295248","3.0"
"9.0","10.0","610.0","75.0","198.464999999996","35.91851988099834","3.0"
"9.0","10.0","610.0","85.0","190.2449999999959","35.920133449188064","3.0"
"9.0","10.0","710.0","5.0","258.56999999999925","41.062584349177634","3.0"
"9.0","10.0","710.0","15.0","250.16999999999723","41.2053884403859","3.0"
"9.0","10.0","710.0","25.0","241.82444999999913","41.33086406711069","3.0"
"9.0","10.0","710.0","35.0","233.51360584499906","41.44123211190428","3.0"
"9.0","10.0","710.0","45.0","225.26999999999796","41.52931511682003","3.0"
"9.0","10.0","710.0","55.0","217.0649999999959","41.59826041736575","3.0"
"9.0","10.0","710.0","65.0","208.91999999999976","41.64131126844235","3.0"
"9.0","10.0","710.0","75.0","200.80499999999967","41.660496658431","3.0"
"9.0","10.0","710.0","85.0","192.69614077320594","41.65567648396245","3.0"
"9.0","10.0","810.0","5.0","259.86752685455576","46.75647802550532","3.0"
"9.0","10.0","810.0","15.0","251.57999999999606","46.90963176510212","3.0"
"9.0","10.0","810.0","25.0","243.32999999999598","47.0462972474733","3.0"
"9.0","10.0","810.0","35.0","235.1699999999959","47.154937491334465","3.0"
"9.0","10.0","810.0","45.0","227.03999999999778","47.24552615535083","3.0"
"9.0","10.0","810.0","55.0","218.98499999999765","47.30660845407283","3.0"
"9.0","10.0","810.0","65.0","210.975800504143","47.34101423885019","3.0"
"9.0","10.0","810.0","75.0","203.00334002097514","47.34639864677429","3.0"
"9.0","10.0","810.0","85.0","195.07588398708344","47.31433985367893","3.0"
"9.0","10.0","910.0","5.0","261.0563747833802","52.423953254597336","3.0"
"9.0","10.0","910.0","15.0","252.8849999999999","52.58352453596124","3.0"
"9.0","10.0","910.0","25.0","244.7658334200147","52.72133048574807","3.0"
"9.0","10.0","910.0","35.0","236.71499999999972","52.83236249271682","3.0"
"9.0","10.0","910.0","45.0","228.72710055409377","52.91567763373158","3.0"
"9.0","10.0","910.0","55.0","220.81499999999946","52.965447229434865","3.0"
"9.0","10.0","910.0","65.0","212.95499999999933","52.98337429776801","3.0"
"9.0","10.0","910.0","75.0","205.13252165256463","52.967911882936725","3.0"
"9.0","10.0","910.0","85.0","197.34188075076574","52.91302423162515","3.0"
"9.0","10.0","1010.0","5.0","262.1849999999999","58.06008284682149","3.0"
"9.0","10.0","1010.0","15.0","254.14499999999975","58.21920793127964","3.0"
"9.0","10.0","1010.0","25.0","246.16499999999962","58.352050115755205","3.0"
"9.0","10.0","1010.0","35.0","238.22999999999655","58.46060747111222","3.0"
"9.0","10.0","1010.0","45.0","230.3849999999984","58.53169350962826","3.0"
"9.0","10.0","1010.0","55.0","222.6020849999993","58.56893840064698","3.0"
"9.0","10.0","1010.0","65.0","310.94999999999743","59.57998361478681","3.0"
"9.0","10.0","1010.0","75.0","207.20999999999896","58.52616084550566","3.0"
"9.0","10.0","1010.0","85.0","199.5599999999998","58.44234367038766","3.0"
"9.0","10.0","1110.0","5.0","263.28733174019453","63.66005407078853","3.0"
"9.0","10.0","1110.0","15.0","255.3672000002431","63.817597689226474","3.0"
"9.0","10.0","1110.0","25.0","247.49999999999753","63.948053116047646","3.0"
"9.0","10.0","1110.0","35.0","239.71499999999938","64.04204270913358","3.0"
"9.0","10.0","1110.0","45.0","232.00460097180783","64.09879585334306","3.0"
"9.0","10.0","1110.0","55.0","224.38499999999908","64.11007104839078","3.0"
"9.0","10.0","1110.0","65.0","216.82499999999695","64.07942555649602","3.0"
"9.0","10.0","1110.0","75.0","209.29180039178763","64.00960947322493","3.0"
"9.0","10.0","1110.0","85.0","201.7649999999986","63.8969741916979","3.0"
"9.0","10.0","10.0","5.0","43.85999999999913","0.5844401541389997","3.0"
"9.0","10.0","10.0","15.0","41.834999999999354","0.5865030406915991","3.0"
"9.0","10.0","10.0","25.0","39.82499999999958","0.5882056114916071","3.0"
"9.0","10.0","10.0","35.0","37.8149999999998","0.5897418703655593","3.0"
"9.0","10.0","10.0","45.0","35.812995313231006","0.590974809490144","3.0"
"9.0","10.0","10.0","55.0","33.816765675664335","0.5919157971892748","3.0"
"9.0","10.0","10.0","65.0","31.837995313231445","0.5923236759808216","3.0"
"9.0","10.0","10.0","75.0","29.857995313231665","0.5925013188254575","3.0"
"9.0","10.0","10.0","85.0","27.89299531323188","0.5920988088420256","3.0"
"9.0","10.0","110.0","5.0","48.34499999999963","6.443132299297831","3.0"
"9.0","10.0","110.0","15.0","46.46999999999885","6.470010556457568","3.0"
"9.0","10.0","110.0","25.0","44.61755976905206","6.492479621028102","3.0"
"9.0","10.0","110.0","35.0","42.764999999999254","6.51351975321324","3.0"
"9.0","10.0","110.0","45.0","40.90499999999946","6.534269431632797","3.0"
"9.0","10.0","110.0","55.0","39.07499999999966","6.548606399420299","3.0"
"9.0","10.0","110.0","65.0","37.22999999999986","6.563684192289524","3.0"
"9.0","10.0","110.0","75.0","35.407995313231055","6.572828010681929","3.0"
"9.0","10.0","110.0","85.0","33.59826838983252","6.577434674321843","3.0"
"9.0","10.0","210.0","5.0","49.52999999999851","12.29320884971984","3.0"
"9.0","10.0","210.0","15.0","47.7149999999997","12.34169690975329","3.0"
"9.0","10.0","210.0","25.0","45.89999999999891","12.387885907022822","3.0"
"9.0","10.0","210.0","35.0","44.099999999999106","12.427520116261967","3.0"
"9.0","10.0","210.0","45.0","42.29999999999931","12.4644279377017","3.0"
"9.0","10.0","210.0","55.0","40.5149999999995","12.493947595514324","3.0"
"9.0","10.0","210.0","65.0","38.7299999999997","12.520251218358714","3.0"
"9.0","10.0","210.0","75.0","36.959999999999894","12.538213189637245","3.0"
"9.0","10.0","210.0","85.0","35.197995313231075","12.549552358574035","3.0"
"9.0","10.0","310.0","5.0","50.23499999999843","18.128542270886875","3.0"
"9.0","10.0","310.0","15.0","48.449999999998624","18.20028027391419","3.0"
"9.0","10.0","310.0","25.0","46.67999999999882","18.262956529405663","3.0"
"9.0","10.0","310.0","35.0","44.909999999999016","18.32192775805724","3.0"
"9.0","10.0","310.0","45.0","43.15499999999921","18.37077229159104","3.0"
"9.0","10.0","310.0","55.0","41.3999999999994","18.41530710992034","3.0"
"9.0","10.0","310.0","65.0","39.6599999999996","18.448520500113446","3.0"
"9.0","10.0","310.0","75.0","37.91999999999979","18.476760771860448","3.0"
"9.0","10.0","310.0","85.0","36.19499999999998","18.492357345875853","3.0"
"9.0","10.0","410.0","5.0","50.74499999999838","23.94362870201723","3.0"
"9.0","10.0","410.0","15.0","48.98999999999956","24.03466655465461","3.0"
"9.0","10.0","410.0","25.0","47.23499999999876","24.1214228051021","3.0"
"9.0","10.0","410.0","35.0","45.50999999999895","24.187958957434834","3.0"
"9.0","10.0","410.0","45.0","43.76999999999914","24.257233371628914","3.0"
"9.0","10.0","410.0","55.0","42.059999999999334","24.30426168038965","3.0"
"9.0","10.0","410.0","65.0","40.34999999999952","24.344944626612318","3.0"
"9.0","10.0","410.0","75.0","38.63999999999971","24.379279749011634","3.0"
"9.0","10.0","410.0","85.0","36.959999999999894","24.387529085468273","3.0"
"9.0","10.0","510.0","5.0","51.13499999999833","29.74443807980159","3.0"
"9.0","10.0","510.0","15.0","49.40999999999852","29.850580986097402","3.0"
"9.0","10.0","510.0","25.0","47.684999999999704","29.95118396751414","3.0"
"9.0","10.0","510.0","35.0","45.9749999999989","30.036468153289377","3.0"
"9.0","10.0","510.0","45.0","44.279999999999085","30.10529449937969","3.0"
"9.0","10.0","510.0","55.0","42.584999999999276","30.167069243867363","3.0"
"9.0","10.0","510.0","65.0","40.90499999999946","30.210765964148806","3.0"
"9.0","10.0","510.0","75.0","39.23999999999964","30.235080118358848","3.0"
"9.0","10.0","510.0","85.0","37.589999999999826","30.23862475655466","3.0"
"9.0","10.0","610.0","5.0","51.4649999999983","35.520474133052176","3.0"
"9.0","10.0","610.0","15.0","49.75499999999848","35.64767341602434","3.0"
"9.0","10.0","610.0","25.0","48.07499999999867","35.74640214921275","3.0"
"9.0","10.0","610.0","35.0","46.37999999999886","35.84891576140068","3.0"
"9.0","10.0","610.0","45.0","44.71499999999904","35.92045155353112","3.0"
"9.0","10.0","610.0","55.0","43.04999999999922","35.983351172889975","3.0"
"9.0","10.0","610.0","65.0","41.3999999999994","36.02465943576358","3.0"
"9.0","10.0","610.0","75.0","39.76648049999959","36.04161221161061","3.0"
"9.0","10.0","610.0","85.0","38.14499999999976","36.0367578068294","3.0"
"9.0","10.0","710.0","5.0","51.749999999998266","41.274172024180274","3.0"
"9.0","10.0","710.0","15.0","50.06999999999845","41.40861854676779","3.0"
"9.0","10.0","710.0","25.0","48.40499999999863","41.52252984632691","3.0"
"9.0","10.0","710.0","35.0","46.739999999998815","41.62791549109183","3.0"
"9.0","10.0","710.0","45.0","45.08999999999999","41.71103802172364","3.0"
"9.0","10.0","710.0","55.0","43.454999999999174","41.77050438632473","3.0"
"9.0","10.0","710.0","65.0","41.834999999999354","41.80486369752641","3.0"
"9.0","10.0","710.0","75.0","40.229999999999535","41.812619888848694","3.0"
"9.0","10.0","710.0","85.0","38.6549999999997","41.77602952029737","3.0"
"9.0","10.0","810.0","5.0","52.019999999998234","46.98974714503536","3.0"
"9.0","10.0","810.0","15.0","50.35499999999842","47.140200767857465","3.0"
"9.0","10.0","810.0","25.0","48.7049999999986","47.26778442324658","3.0"
"9.0","10.0","810.0","35.0","47.06999999999878","47.37113379236415","3.0"
"9.0","10.0","810.0","45.0","45.44999999999896","47.44882111283596","3.0"
"9.0","10.0","810.0","55.0","43.84499999999913","47.499372774619076","3.0"
"9.0","10.0","810.0","65.0","42.25499999999931","47.521285065407554","3.0"
"9.0","10.0","810.0","75.0","40.67999999999948","47.51303694586153","3.0"
"9.0","10.0","810.0","85.0","39.13499999999965","47.45492021756296","3.0"
"9.0","10.0","910.0","5.0","52.25999999999821","52.685287166512424","3.0"
"9.0","10.0","910.0","15.0","50.62499999999839","52.83480456107036","3.0"
"9.0","10.0","910.0","25.0","49.00499999999857","52.9581438933896","3.0"
"9.0","10.0","910.0","35.0","47.38499999999875","53.070646350672256","3.0"
"9.0","10.0","910.0","45.0","45.79499999999892","53.137853447973704","3.0"
"9.0","10.0","910.0","55.0","44.2199999999991","53.17446180939294","3.0"
"9.0","10.0","910.0","65.0","42.659999999999265","53.17896395488256","3.0"
"9.0","10.0","910.0","75.0","41.114999999999434","53.149863186690155","3.0"
"9.0","10.0","910.0","85.0","39.5999999999996","53.065608637534034","3.0"
"9.0","10.0","1010.0","5.0","52.48499999999818","58.35257289835691","3.0"
"9.0","10.0","1010.0","15.0","50.87613599677026","58.50092727850682","3.0"
"9.0","10.0","1010.0","25.0","49.274999999998535","58.62871303691695","3.0"
"9.0","10.0","1010.0","35.0","47.69999999999871","58.71270309317456","3.0"
"9.0","10.0","1010.0","45.0","46.13999999999987","58.764185832739216","3.0"
"9.0","10.0","1010.0","55.0","44.57999999999905","58.80145595007986","3.0"
"9.0","10.0","1010.0","65.0","43.06499999999922","58.76370717413785","3.0"
"9.0","10.0","1010.0","75.0","41.549999999999386","58.708859821188895","3.0"
"9.0","10.0","1010.0","85.0","40.06499999999955","58.59383518675984","3.0"
"9.0","10.0","1110.0","5.0","52.70999999999816","63.97774277125002","3.0"
"9.0","10.0","1110.0","15.0","51.11999999999932","64.1299236897853","3.0"
"9.0","10.0","1110.0","25.0","49.5599999999995","64.23104688345113","3.0"
"9.0","10.0","1110.0","35.0","47.99999999999868","64.31791680029404","3.0"
"9.0","10.0","1110.0","45.0","46.46999999999885","64.34952772796358","3.0"
"9.0","10.0","1110.0","55.0","44.95499999999901","64.3438885352145","3.0"
"9.0","10.0","1110.0","65.0","43.454999999999174","64.29962232554973","3.0"
"9.0","10.0","1110.0","75.0","41.98499999999934","64.19252053101265","3.0"
"9.0","10.0","1110.0","85.0","40.53755976905251","64.03082374444007","3.0"
